{ "height":9,
 "layers":[
        {
         "data":[38, 1, 44, 44, 44, 44, 25, 44, 44, 44, 2, 38, 1, 32, 37, 37, 37, 37, 41, 37, 37, 37, 31, 2, 50, 37, 37, 37, 37, 37, 41, 37, 37, 37, 37, 51, 26, 36, 37, 37, 57, 37, 49, 37, 57, 37, 37, 51, 50, 37, 37, 57, 57, 37, 37, 37, 57, 57, 37, 51, 26, 36, 37, 37, 34, 35, 35, 35, 36, 37, 37, 51, 50, 37, 37, 37, 37, 37, 57, 37, 37, 37, 37, 51, 9, 24, 37, 37, 37, 23, 52, 24, 37, 37, 37, 55, 38, 9, 52, 52, 52, 10, 38, 9, 52, 52, 52, 10],
         "height":9,
         "name":"Layout",
         "opacity":1,
         "type":"tilelayer",
         "visible":true,
         "width":12,
         "x":0,
         "y":0
        }, 
        {
         "data":[0, 0, 0, 0, 0, 0, 0, 0, 0, 0, 0, 0, 0, 0, 61, 0, 0, 64, 0, 0, 0, 0, 0, 0, 47, 0, 0, 0, 63, 0, 0, 0, 0, 0, 0, 46, 0, 0, 0, 0, 0, 0, 0, 0, 0, 0, 0, 0, 0, 0, 0, 0, 0, 0, 0, 63, 0, 0, 0, 0, 0, 0, 0, 0, 0, 0, 0, 0, 0, 0, 0, 0, 47, 0, 0, 0, 0, 0, 47, 0, 0, 0, 0, 0, 0, 0, 0, 64, 0, 0, 0, 0, 0, 0, 64, 55, 0, 0, 0, 0, 0, 0, 0, 0, 0, 0, 0, 0],
         "height":9,
         "name":"Objects",
         "opacity":1,
         "type":"tilelayer",
         "visible":true,
         "width":12,
         "x":0,
         "y":0
        }],
 "orientation":"orthogonal",
 "properties":
    {

    },
 "renderorder":"left-up",
 "tileheight":64,
 "tilesets":[
        {
         "firstgid":1,
         "image":"tiles.png",
         "imageheight":512,
         "imagewidth":512,
         "margin":0,
         "name":"tiles",
         "properties":
            {

            },
         "spacing":0,
         "terrains":[
                {
                 "name":"New Terrain",
                 "tile":-1
                }],
         "tileheight":64,
         "tileproperties":
            {
             "0":
                {
                 "collisionGroup":"1"
                },
             "1":
                {
                 "collisionGroup":"1"
                },
             "10":
                {
                 "collisionGroup":"1"
                },
             "11":
                {
                 "collisionGroup":"1"
                },
             "12":
                {
                 "collisionGroup":"1"
                },
             "13":
                {
                 "collisionGroup":"1"
                },
             "14":
                {
                 "collisionGroup":"1"
                },
             "15":
                {
                 "collisionGroup":"1"
                },
             "16":
                {
                 "collisionGroup":"1"
                },
             "17":
                {
                 "collisionGroup":"1"
                },
             "18":
                {
                 "collisionGroup":"1"
                },
             "19":
                {
                 "collisionGroup":"1"
                },
             "2":
                {
                 "collisionGroup":"1"
                },
             "20":
                {
                 "collisionGroup":"1"
                },
             "21":
                {
                 "collisionGroup":"1"
                },
             "22":
                {
                 "collisionGroup":"1"
                },
             "23":
                {
                 "collisionGroup":"1"
                },
             "24":
                {
                 "collisionGroup":"1"
                },
             "25":
                {
                 "collisionGroup":"1"
                },
             "26":
                {
                 "collisionGroup":"1"
                },
             "27":
                {
                 "collisionGroup":"1"
                },
             "28":
                {
                 "collisionGroup":"1"
                },
             "29":
                {
                 "collisionGroup":"1"
                },
             "3":
                {
                 "collisionGroup":"1"
                },
             "30":
                {
                 "collisionGroup":"1"
                },
             "31":
                {
                 "collisionGroup":"1"
                },
             "32":
                {
                 "collisionGroup":"1"
                },
             "33":
                {
                 "collisionGroup":"1"
                },
             "34":
                {
                 "collisionGroup":"1"
                },
             "35":
                {
                 "collisionGroup":"1"
                },
             "36":
                {
                 "collisionGroup":"0"
                },
             "4":
                {
                 "collisionGroup":"1"
                },
             "40":
                {
                 "collisionGroup":"1"
                },
             "41":
                {
                 "collisionGroup":"1"
                },
             "42":
                {
                 "collisionGroup":"1"
                },
             "43":
                {
                 "collisionGroup":"1"
                },
             "44":
                {
                 "collisionGroup":"2",
                 "type":"Exit"
                },
             "45":
                {
                 "direction":"L",
                 "type":"Bow"
                },
             "46":
                {
                 "direction":"R",
                 "type":"Bow"
                },
             "47":
                {
                 "direction":"U",
                 "type":"Bow"
                },
             "48":
                {
                 "collisionGroup":"1"
                },
             "49":
                {
                 "collisionGroup":"1"
                },
             "5":
                {
                 "collisionGroup":"1"
                },
             "50":
                {
                 "collisionGroup":"1"
                },
             "51":
                {
                 "collisionGroup":"1"
                },
             "52":
                {
                 "collisionGroup":"2",
                 "type":"Exit"
                },
             "53":
                {
                 "collisionGroup":"2",
                 "type":"Exit"
                },
             "54":
                {
                 "collisionGroup":"2",
                 "type":"Exit"
                },
             "55":
                {
                 "direction":"B",
                 "type":"Bow"
                },
             "56":
                {
                 "collisionGroup":"1"
                },
             "57":
                {
                 "collisionGroup":"1"
                },
             "6":
                {
                 "collisionGroup":"1"
                },
             "60":
                {
                 "type":"Hero"
                },
             "61":
                {
                 "type":"Rock"
                },
             "62":
                {
                 "type":"Block"
                },
             "63":
                {
                 "type":"Techcard"
                },
             "7":
                {
                 "collisionGroup":"1"
                },
             "8":
                {
                 "collisionGroup":"1"
                },
             "9":
                {
                 "collisionGroup":"1"
                }
            },
         "tilewidth":64,
         "transparentcolor":"#ff00ff"
        }],
 "tilewidth":64,
 "version":1,
 "width":12
}